Date,Return (%),Squared return,EWMA variance forecast,EGARCH variance forecast,EWMA QLIKE,EGARCH QLIKE,EGARCH QLIKE gain
2025-04-04,-5.079226082749389,25.7985375996817,0.4380751355640098,0.8126094514136067,58.0653036889447,31.54026488810485,26.52503880083985
2021-11-26,-3.712178783437301,13.780271320202036,0.22410676354652684,0.313455358137109,59.99412824322285,42.80237021076614,17.19175803245671
2018-02-06,-2.674858970760734,7.154870513459173,0.41895815920971824,1.0652402939501007,16.207784418782197,6.7798732071096515,9.427911211672544
2020-03-09,-7.998859922037567,63.981760052378824,3.0276968184623554,5.458804579258213,22.2399577302476,13.418067074136655,8.821890656110945
2020-03-12,-11.51170613425157,132.51937812136524,6.027320859382957,9.925914588200047,23.78275085351051,15.645997092495357,8.136753761015154
2023-03-13,-2.6124229294871357,6.824753562510148,0.3806070734092255,0.7079552407934853,16.965243809655483,9.29471746549078,7.670526344164703
2023-03-15,-3.9066228965188583,15.261702455605397,0.80273559373174,1.2976829527145608,18.79238639451104,12.021313122133526,6.7710732723775156
2023-07-06,-2.19535390355173,4.81957876183982,0.35147233455325083,0.6558692517709113,12.666916619677613,6.926589639082834,5.740326980594779
2020-02-24,-3.3943948811376945,11.521916609093784,0.6026229758017714,0.8745181415062057,18.613147030215707,13.041077956770234,5.572069073445473
2018-12-06,-3.195652909234646,10.212197516299858,0.6674969941537712,1.0649442056850535,14.895020811836593,9.652342644847925,5.242678166988668
