Period,Model,Observations,Mean QLIKE,MSE,QLIKE gain vs EWMA,MSE reduction vs EWMA (%)
Full sample,GARCH-t,2188,0.6084553654203717,14.519910203282272,0.0483006497259042,2.265676213516399
Full sample,GJR-GARCH-t,2188,0.5846266044768352,14.62274249059824,0.07212941066944067,1.573506363735122
Full sample,EGARCH-t,2188,0.5757603316660289,13.916075169179045,0.080995683480247,6.330123438770352
Full sample,EWMA,2188,0.6567560151462759,14.856510630802909,0.0,0.0
2020 only,GARCH-t,254,1.8753459567384003,108.63999511466398,0.08261279530446974,2.2544052401305748
2020 only,GJR-GARCH-t,254,1.820701883327608,109.68898606067425,0.137256868715262,1.310606928953617
2020 only,EGARCH-t,254,1.8000592851848367,103.9249133281652,0.15789946685803335,6.496659421717343
2020 only,EWMA,254,1.95795875204287,111.1456688984897,0.0,0.0
Excluding 2020,GARCH-t,1934,0.44206952767746605,2.158740830225937,0.04379429761786113,2.3401060316204925
Excluding 2020,GJR-GARCH-t,1934,0.4222878656825764,2.1373102947350984,0.06357595961275075,3.3096081573119163
Excluding 2020,EGARCH-t,1934,0.414968225050839,2.0948523706358815,0.07089560024448816,5.230374331551113
Excluding 2020,EWMA,1934,0.4858638252953272,2.210468128221497,0.0,0.0
