Model,Reference,HAC lags,Mean QLIKE gain,HAC standard error,95% CI lower,95% CI upper,Two-sided p-value
GARCH-t,EWMA,5,0.04830064972590435,0.017727565055763936,0.01355526068301624,0.08304603876879246,0.006437804563416137
GARCH-t,EWMA,10,0.04830064972590435,0.018023180118200394,0.012975865807353229,0.08362543364445547,0.007364013721225226
GARCH-t,EWMA,20,0.04830064972590435,0.017986276796483833,0.013048194988827581,0.08355310446298111,0.007243940949839203
GJR-GARCH-t,EWMA,5,0.07212941066944084,0.02499646614035734,0.023137237293565524,0.12112158404531616,0.003906877948476726
GJR-GARCH-t,EWMA,10,0.07212941066944084,0.025335910927028915,0.022471937736949353,0.12178688360193232,0.004414391187469984
GJR-GARCH-t,EWMA,20,0.07212941066944084,0.025156796120016468,0.022822996307791596,0.12143582503109009,0.004141292882051673
EGARCH-t,EWMA,5,0.08099568348024712,0.023932912846684938,0.03408803625560866,0.12790333070488558,0.0007136512852335149
EGARCH-t,EWMA,10,0.08099568348024712,0.02441607798793849,0.03314104998016649,0.12885031698032776,0.0009088892591876044
EGARCH-t,EWMA,20,0.08099568348024712,0.025269190214321717,0.03146898074168458,0.13052238621880966,0.0013491531769167693
GJR-GARCH-t,GARCH-t,5,0.023828760943536503,0.0110432109752682,0.0021844651583333846,0.04547305672873962,0.030945354993870015
GJR-GARCH-t,GARCH-t,10,0.023828760943536503,0.0111525230434604,0.001970217441601089,0.04568730444547192,0.03262849437257943
GJR-GARCH-t,GARCH-t,20,0.023828760943536503,0.011271500195260168,0.001737026509090387,0.04592049537798262,0.034509133534037395
EGARCH-t,GARCH-t,5,0.032695033754342774,0.012889551401963658,0.0074319772296162455,0.0579580902790693,0.011194970928661287
EGARCH-t,GARCH-t,10,0.032695033754342774,0.012757053482649156,0.00769166837949916,0.05769839912918639,0.01038023772853691
EGARCH-t,GARCH-t,20,0.032695033754342774,0.013138601006671462,0.006943848974025009,0.05844621853466054,0.012829353040367787
EGARCH-t,GJR-GARCH-t,5,0.008866272810806264,0.008312121837287202,-0.007425186625385556,0.025157732246998084,0.2861218671480461
EGARCH-t,GJR-GARCH-t,10,0.008866272810806264,0.008400892365981252,-0.007599173664514472,0.025331719286127,0.2912440005921245
EGARCH-t,GJR-GARCH-t,20,0.008866272810806264,0.008290900331177894,-0.007383593237713617,0.025116138859326145,0.284890336723829
