Date,Adj Close,Close,High,Low,Open,Volume,price_source,price_corrected,removal_reason,calendar_version
1999-12-27,,,,,,0.0,Yahoo Finance,False,All OHLC missing; date is not an XLON session,4.13.2
1999-12-28,,,,,,0.0,Yahoo Finance,False,All OHLC missing; date is not an XLON session,4.13.2
1999-12-31,,,,,,0.0,Yahoo Finance,False,All OHLC missing; date is not an XLON session,4.13.2
2000-01-03,,,,,,0.0,Yahoo Finance,False,All OHLC missing; date is not an XLON session,4.13.2
2000-04-21,,,,,,0.0,Yahoo Finance,False,All OHLC missing; date is not an XLON session,4.13.2
2000-04-24,,,,,,0.0,Yahoo Finance,False,All OHLC missing; date is not an XLON session,4.13.2
2000-05-01,,,,,,0.0,Yahoo Finance,False,All OHLC missing; date is not an XLON session,4.13.2
2000-05-29,,,,,,0.0,Yahoo Finance,False,All OHLC missing; date is not an XLON session,4.13.2
2000-08-28,,,,,,0.0,Yahoo Finance,False,All OHLC missing; date is not an XLON session,4.13.2
2000-12-25,,,,,,0.0,Yahoo Finance,False,All OHLC missing; date is not an XLON session,4.13.2
2000-12-26,,,,,,0.0,Yahoo Finance,False,All OHLC missing; date is not an XLON session,4.13.2
2001-01-01,,,,,,0.0,Yahoo Finance,False,All OHLC missing; date is not an XLON session,4.13.2
2001-04-13,,,,,,0.0,Yahoo Finance,False,All OHLC missing; date is not an XLON session,4.13.2
2001-04-16,,,,,,0.0,Yahoo Finance,False,All OHLC missing; date is not an XLON session,4.13.2
2001-05-07,,,,,,0.0,Yahoo Finance,False,All OHLC missing; date is not an XLON session,4.13.2
2001-05-28,,,,,,0.0,Yahoo Finance,False,All OHLC missing; date is not an XLON session,4.13.2
2001-08-27,,,,,,0.0,Yahoo Finance,False,All OHLC missing; date is not an XLON session,4.13.2
2001-12-25,,,,,,0.0,Yahoo Finance,False,All OHLC missing; date is not an XLON session,4.13.2
2001-12-26,,,,,,0.0,Yahoo Finance,False,All OHLC missing; date is not an XLON session,4.13.2
2002-01-01,,,,,,0.0,Yahoo Finance,False,All OHLC missing; date is not an XLON session,4.13.2
2002-03-29,,,,,,0.0,Yahoo Finance,False,All OHLC missing; date is not an XLON session,4.13.2
2002-04-01,,,,,,0.0,Yahoo Finance,False,All OHLC missing; date is not an XLON session,4.13.2
2002-05-06,,,,,,0.0,Yahoo Finance,False,All OHLC missing; date is not an XLON session,4.13.2
2002-06-03,,,,,,0.0,Yahoo Finance,False,All OHLC missing; date is not an XLON session,4.13.2
2002-06-04,,,,,,0.0,Yahoo Finance,False,All OHLC missing; date is not an XLON session,4.13.2
2002-08-26,,,,,,0.0,Yahoo Finance,False,All OHLC missing; date is not an XLON session,4.13.2
2002-12-25,,,,,,0.0,Yahoo Finance,False,All OHLC missing; date is not an XLON session,4.13.2
2002-12-26,,,,,,0.0,Yahoo Finance,False,All OHLC missing; date is not an XLON session,4.13.2
2003-01-01,,,,,,0.0,Yahoo Finance,False,All OHLC missing; date is not an XLON session,4.13.2
2003-04-18,,,,,,0.0,Yahoo Finance,False,All OHLC missing; date is not an XLON session,4.13.2
2003-04-21,,,,,,0.0,Yahoo Finance,False,All OHLC missing; date is not an XLON session,4.13.2
2003-05-05,,,,,,0.0,Yahoo Finance,False,All OHLC missing; date is not an XLON session,4.13.2
2003-05-26,,,,,,0.0,Yahoo Finance,False,All OHLC missing; date is not an XLON session,4.13.2
2003-08-25,,,,,,0.0,Yahoo Finance,False,All OHLC missing; date is not an XLON session,4.13.2
2003-12-25,,,,,,0.0,Yahoo Finance,False,All OHLC missing; date is not an XLON session,4.13.2
2003-12-26,,,,,,0.0,Yahoo Finance,False,All OHLC missing; date is not an XLON session,4.13.2
2004-01-01,,,,,,0.0,Yahoo Finance,False,All OHLC missing; date is not an XLON session,4.13.2
2004-04-09,,,,,,0.0,Yahoo Finance,False,All OHLC missing; date is not an XLON session,4.13.2
2004-04-12,,,,,,0.0,Yahoo Finance,False,All OHLC missing; date is not an XLON session,4.13.2
2004-05-03,,,,,,0.0,Yahoo Finance,False,All OHLC missing; date is not an XLON session,4.13.2
2004-05-31,,,,,,0.0,Yahoo Finance,False,All OHLC missing; date is not an XLON session,4.13.2
2004-08-30,,,,,,0.0,Yahoo Finance,False,All OHLC missing; date is not an XLON session,4.13.2
2004-12-27,,,,,,0.0,Yahoo Finance,False,All OHLC missing; date is not an XLON session,4.13.2
2004-12-28,,,,,,0.0,Yahoo Finance,False,All OHLC missing; date is not an XLON session,4.13.2
2005-01-03,,,,,,0.0,Yahoo Finance,False,All OHLC missing; date is not an XLON session,4.13.2
2005-03-25,,,,,,0.0,Yahoo Finance,False,All OHLC missing; date is not an XLON session,4.13.2
2005-03-28,,,,,,0.0,Yahoo Finance,False,All OHLC missing; date is not an XLON session,4.13.2
2005-05-02,,,,,,0.0,Yahoo Finance,False,All OHLC missing; date is not an XLON session,4.13.2
2005-05-30,,,,,,0.0,Yahoo Finance,False,All OHLC missing; date is not an XLON session,4.13.2
2005-08-29,,,,,,0.0,Yahoo Finance,False,All OHLC missing; date is not an XLON session,4.13.2
2005-12-26,,,,,,0.0,Yahoo Finance,False,All OHLC missing; date is not an XLON session,4.13.2
2005-12-27,,,,,,0.0,Yahoo Finance,False,All OHLC missing; date is not an XLON session,4.13.2
2011-04-29,,,,,,0.0,Yahoo Finance,False,All OHLC missing; date is not an XLON session,4.13.2
