Model,Lag,LB residual p-value,LB squared residual p-value,ARCH-LM p-value
GARCH-t,5,0.4782559321601475,0.4623268239600389,0.4399143773442725
GARCH-t,10,0.8940863471417639,0.2486504653494822,0.25023266717699255
GARCH-t,20,0.8368508472087879,0.04307302536036087,0.059567291037974424
GJR-GARCH-t,5,0.3592944066477958,0.1857643377132606,0.17760192715309286
GJR-GARCH-t,10,0.8187104259578274,0.14871747774946986,0.15531169273247702
GJR-GARCH-t,20,0.8018504462544158,0.04204229048459812,0.04415708909223892
EGARCH-t,5,0.27845691613415674,0.2775083282674679,0.25927520561677353
EGARCH-t,10,0.7308824347686975,0.2655202404549292,0.27046646138191455
EGARCH-t,20,0.7179374485955071,0.14850433754500167,0.17756735269035828
